[{"model": "contenttypes.contenttype", "pk": 1, "fields": {"app_label": "admin", "model": "logentry"}}, {"model": "contenttypes.contenttype", "pk": 2, "fields": {"app_label": "auth", "model": "permission"}}, {"model": "contenttypes.contenttype", "pk": 3, "fields": {"app_label": "auth", "model": "group"}}, {"model": "contenttypes.contenttype", "pk": 4, "fields": {"app_label": "auth", "model": "user"}}, {"model": "contenttypes.contenttype", "pk": 5, "fields": {"app_label": "contenttypes", "model": "contenttype"}}, {"model": "contenttypes.contenttype", "pk": 6, "fields": {"app_label": "sessions", "model": "session"}}, {"model": "contenttypes.contenttype", "pk": 7, "fields": {"app_label": "apiv1", "model": "car"}}, {"model": "contenttypes.contenttype", "pk": 8, "fields": {"app_label": "apiv1", "model": "driveronlyride"}}, {"model": "contenttypes.contenttype", "pk": 9, "fields": {"app_label": "apiv1", "model": "groupmessage"}}, {"model": "contenttypes.contenttype", "pk": 10, "fields": {"app_label": "apiv1", "model": "message"}}, {"model": "contenttypes.contenttype", "pk": 11, "fields": {"app_label": "apiv1", "model": "passenger"}}, {"model": "contenttypes.contenttype", "pk": 12, "fields": {"app_label": "apiv1", "model": "privateprofile"}}, {"model": "contenttypes.contenttype", "pk": 13, "fields": {"app_label": "apiv1", "model": "privateride"}}, {"model": "contenttypes.contenttype", "pk": 14, "fields": {"app_label": "apiv1", "model": "profile"}}, {"model": "contenttypes.contenttype", "pk": 15, "fields": {"app_label": "apiv1", "model": "request"}}, {"model": "contenttypes.contenttype", "pk": 16, "fields": {"app_label": "apiv1", "model": "ride"}}, {"model": "contenttypes.contenttype", "pk": 17, "fields": {"app_label": "apiv1", "model": "staffonlyride"}}, {"model": "contenttypes.contenttype", "pk": 18, "fields": {"app_label": "apiv1", "model": "staffprofile"}}, {"model": "sessions.session", "pk": "7nhtdbqiowgtvfdk5qszdzl1euyr1owx", "fields": {"session_data": "NGEyNWQwYjdhNWY4MGNlZGRjZjRiNDNjNmI3YjBlZTFiZjhmN2NhMTp7Il9hdXRoX3VzZXJfaWQiOiIzIiwiX2F1dGhfdXNlcl9iYWNrZW5kIjoiZGphbmdvLmNvbnRyaWIuYXV0aC5iYWNrZW5kcy5Nb2RlbEJhY2tlbmQiLCJfYXV0aF91c2VyX2hhc2giOiJkZDYyMWJkMTE0ODE1N2Y4YjE3ZTFiNTg0NjBlMmE4MTgxZTRiZDQ3In0=", "expire_date": "2018-08-29T07:48:56.913Z"}}, {"model": "sessions.session", "pk": "buvr10iuunl3hwue4hq6fa7rle6y974o", "fields": {"session_data": "NGEyNWQwYjdhNWY4MGNlZGRjZjRiNDNjNmI3YjBlZTFiZjhmN2NhMTp7Il9hdXRoX3VzZXJfaWQiOiIzIiwiX2F1dGhfdXNlcl9iYWNrZW5kIjoiZGphbmdvLmNvbnRyaWIuYXV0aC5iYWNrZW5kcy5Nb2RlbEJhY2tlbmQiLCJfYXV0aF91c2VyX2hhc2giOiJkZDYyMWJkMTE0ODE1N2Y4YjE3ZTFiNTg0NjBlMmE4MTgxZTRiZDQ3In0=", "expire_date": "2018-08-31T15:54:30.912Z"}}, {"model": "apiv1.driveronlyride", "pk": 1, "fields": {"ride": 1}}, {"model": "apiv1.driveronlyride", "pk": 2, "fields": {"ride": 2}}, {"model": "apiv1.driveronlyride", "pk": 3, "fields": {"ride": 3}}, {"model": "apiv1.driveronlyride", "pk": 4, "fields": {"ride": 4}}, {"model": "apiv1.driveronlyride", "pk": 5, "fields": {"ride": 5}}, {"model": "apiv1.driveronlyride", "pk": 6, "fields": {"ride": 6}}, {"model": "apiv1.driveronlyride", "pk": 7, "fields": {"ride": 7}}, {"model": "apiv1.driveronlyride", "pk": 8, "fields": {"ride": 8}}, {"model": "apiv1.driveronlyride", "pk": 9, "fields": {"ride": 9}}, {"model": "apiv1.driveronlyride", "pk": 10, "fields": {"ride": 10}}, {"model": "apiv1.driveronlyride", "pk": 11, "fields": {"ride": 11}}, {"model": "apiv1.driveronlyride", "pk": 12, "fields": {"ride": 12}}, {"model": "apiv1.staffonlyride", "pk": 1, "fields": {"ride": 1}}, {"model": "apiv1.staffonlyride", "pk": 2, "fields": {"ride": 2}}, {"model": "apiv1.staffonlyride", "pk": 3, "fields": {"ride": 3}}, {"model": "apiv1.staffonlyride", "pk": 4, "fields": {"ride": 4}}, {"model": "apiv1.staffonlyride", "pk": 5, "fields": {"ride": 5}}, {"model": "apiv1.staffonlyride", "pk": 6, "fields": {"ride": 6}}, {"model": "apiv1.staffonlyride", "pk": 7, "fields": {"ride": 7}}, {"model": "apiv1.staffonlyride", "pk": 8, "fields": {"ride": 8}}, {"model": "apiv1.staffonlyride", "pk": 9, "fields": {"ride": 9}}, {"model": "apiv1.staffonlyride", "pk": 10, "fields": {"ride": 10}}, {"model": "apiv1.staffonlyride", "pk": 11, "fields": {"ride": 11}}, {"model": "apiv1.staffonlyride", "pk": 12, "fields": {"ride": 12}}, {"model": "auth.permission", "pk": 1, "fields": {"name": "Can add log entry", "content_type": 1, "codename": "add_logentry"}}, {"model": "auth.permission", "pk": 2, "fields": {"name": "Can change log entry", "content_type": 1, "codename": "change_logentry"}}, {"model": "auth.permission", "pk": 3, "fields": {"name": "Can delete log entry", "content_type": 1, "codename": "delete_logentry"}}, {"model": "auth.permission", "pk": 4, "fields": {"name": "Can view log entry", "content_type": 1, "codename": "view_logentry"}}, {"model": "auth.permission", "pk": 5, "fields": {"name": "Can add permission", "content_type": 2, "codename": "add_permission"}}, {"model": "auth.permission", "pk": 6, "fields": {"name": "Can change permission", "content_type": 2, "codename": "change_permission"}}, {"model": "auth.permission", "pk": 7, "fields": {"name": "Can delete permission", "content_type": 2, "codename": "delete_permission"}}, {"model": "auth.permission", "pk": 8, "fields": {"name": "Can view permission", "content_type": 2, "codename": "view_permission"}}, {"model": "auth.permission", "pk": 9, "fields": {"name": "Can add group", "content_type": 3, "codename": "add_group"}}, {"model": "auth.permission", "pk": 10, "fields": {"name": "Can change group", "content_type": 3, "codename": "change_group"}}, {"model": "auth.permission", "pk": 11, "fields": {"name": "Can delete group", "content_type": 3, "codename": "delete_group"}}, {"model": "auth.permission", "pk": 12, "fields": {"name": "Can view group", "content_type": 3, "codename": "view_group"}}, {"model": "auth.permission", "pk": 13, "fields": {"name": "Can add user", "content_type": 4, "codename": "add_user"}}, {"model": "auth.permission", "pk": 14, "fields": {"name": "Can change user", "content_type": 4, "codename": "change_user"}}, {"model": "auth.permission", "pk": 15, "fields": {"name": "Can delete user", "content_type": 4, "codename": "delete_user"}}, {"model": "auth.permission", "pk": 16, "fields": {"name": "Can view user", "content_type": 4, "codename": "view_user"}}, {"model": "auth.permission", "pk": 17, "fields": {"name": "Can add content type", "content_type": 5, "codename": "add_contenttype"}}, {"model": "auth.permission", "pk": 18, "fields": {"name": "Can change content type", "content_type": 5, "codename": "change_contenttype"}}, {"model": "auth.permission", "pk": 19, "fields": {"name": "Can delete content type", "content_type": 5, "codename": "delete_contenttype"}}, {"model": "auth.permission", "pk": 20, "fields": {"name": "Can view content type", "content_type": 5, "codename": "view_contenttype"}}, {"model": "auth.permission", "pk": 21, "fields": {"name": "Can add session", "content_type": 6, "codename": "add_session"}}, {"model": "auth.permission", "pk": 22, "fields": {"name": "Can change session", "content_type": 6, "codename": "change_session"}}, {"model": "auth.permission", "pk": 23, "fields": {"name": "Can delete session", "content_type": 6, "codename": "delete_session"}}, {"model": "auth.permission", "pk": 24, "fields": {"name": "Can view session", "content_type": 6, "codename": "view_session"}}, {"model": "auth.permission", "pk": 25, "fields": {"name": "Can add car", "content_type": 7, "codename": "add_car"}}, {"model": "auth.permission", "pk": 26, "fields": {"name": "Can change car", "content_type": 7, "codename": "change_car"}}, {"model": "auth.permission", "pk": 27, "fields": {"name": "Can delete car", "content_type": 7, "codename": "delete_car"}}, {"model": "auth.permission", "pk": 28, "fields": {"name": "Can view car", "content_type": 7, "codename": "view_car"}}, {"model": "auth.permission", "pk": 29, "fields": {"name": "Can add driver only ride", "content_type": 8, "codename": "add_driveronlyride"}}, {"model": "auth.permission", "pk": 30, "fields": {"name": "Can change driver only ride", "content_type": 8, "codename": "change_driveronlyride"}}, {"model": "auth.permission", "pk": 31, "fields": {"name": "Can delete driver only ride", "content_type": 8, "codename": "delete_driveronlyride"}}, {"model": "auth.permission", "pk": 32, "fields": {"name": "Can view driver only ride", "content_type": 8, "codename": "view_driveronlyride"}}, {"model": "auth.permission", "pk": 33, "fields": {"name": "Can add group message", "content_type": 9, "codename": "add_groupmessage"}}, {"model": "auth.permission", "pk": 34, "fields": {"name": "Can change group message", "content_type": 9, "codename": "change_groupmessage"}}, {"model": "auth.permission", "pk": 35, "fields": {"name": "Can delete group message", "content_type": 9, "codename": "delete_groupmessage"}}, {"model": "auth.permission", "pk": 36, "fields": {"name": "Can view group message", "content_type": 9, "codename": "view_groupmessage"}}, {"model": "auth.permission", "pk": 37, "fields": {"name": "Can add message", "content_type": 10, "codename": "add_message"}}, {"model": "auth.permission", "pk": 38, "fields": {"name": "Can change message", "content_type": 10, "codename": "change_message"}}, {"model": "auth.permission", "pk": 39, "fields": {"name": "Can delete message", "content_type": 10, "codename": "delete_message"}}, {"model": "auth.permission", "pk": 40, "fields": {"name": "Can view message", "content_type": 10, "codename": "view_message"}}, {"model": "auth.permission", "pk": 41, "fields": {"name": "Can add passenger", "content_type": 11, "codename": "add_passenger"}}, {"model": "auth.permission", "pk": 42, "fields": {"name": "Can change passenger", "content_type": 11, "codename": "change_passenger"}}, {"model": "auth.permission", "pk": 43, "fields": {"name": "Can delete passenger", "content_type": 11, "codename": "delete_passenger"}}, {"model": "auth.permission", "pk": 44, "fields": {"name": "Can view passenger", "content_type": 11, "codename": "view_passenger"}}, {"model": "auth.permission", "pk": 45, "fields": {"name": "Can add private profile", "content_type": 12, "codename": "add_privateprofile"}}, {"model": "auth.permission", "pk": 46, "fields": {"name": "Can change private profile", "content_type": 12, "codename": "change_privateprofile"}}, {"model": "auth.permission", "pk": 47, "fields": {"name": "Can delete private profile", "content_type": 12, "codename": "delete_privateprofile"}}, {"model": "auth.permission", "pk": 48, "fields": {"name": "Can view private profile", "content_type": 12, "codename": "view_privateprofile"}}, {"model": "auth.permission", "pk": 49, "fields": {"name": "Can add private ride", "content_type": 13, "codename": "add_privateride"}}, {"model": "auth.permission", "pk": 50, "fields": {"name": "Can change private ride", "content_type": 13, "codename": "change_privateride"}}, {"model": "auth.permission", "pk": 51, "fields": {"name": "Can delete private ride", "content_type": 13, "codename": "delete_privateride"}}, {"model": "auth.permission", "pk": 52, "fields": {"name": "Can view private ride", "content_type": 13, "codename": "view_privateride"}}, {"model": "auth.permission", "pk": 53, "fields": {"name": "Can add profile", "content_type": 14, "codename": "add_profile"}}, {"model": "auth.permission", "pk": 54, "fields": {"name": "Can change profile", "content_type": 14, "codename": "change_profile"}}, {"model": "auth.permission", "pk": 55, "fields": {"name": "Can delete profile", "content_type": 14, "codename": "delete_profile"}}, {"model": "auth.permission", "pk": 56, "fields": {"name": "Can view profile", "content_type": 14, "codename": "view_profile"}}, {"model": "auth.permission", "pk": 57, "fields": {"name": "Can add request", "content_type": 15, "codename": "add_request"}}, {"model": "auth.permission", "pk": 58, "fields": {"name": "Can change request", "content_type": 15, "codename": "change_request"}}, {"model": "auth.permission", "pk": 59, "fields": {"name": "Can delete request", "content_type": 15, "codename": "delete_request"}}, {"model": "auth.permission", "pk": 60, "fields": {"name": "Can view request", "content_type": 15, "codename": "view_request"}}, {"model": "auth.permission", "pk": 61, "fields": {"name": "Can add ride", "content_type": 16, "codename": "add_ride"}}, {"model": "auth.permission", "pk": 62, "fields": {"name": "Can change ride", "content_type": 16, "codename": "change_ride"}}, {"model": "auth.permission", "pk": 63, "fields": {"name": "Can delete ride", "content_type": 16, "codename": "delete_ride"}}, {"model": "auth.permission", "pk": 64, "fields": {"name": "Can view ride", "content_type": 16, "codename": "view_ride"}}, {"model": "auth.permission", "pk": 65, "fields": {"name": "Can add staff only ride", "content_type": 17, "codename": "add_staffonlyride"}}, {"model": "auth.permission", "pk": 66, "fields": {"name": "Can change staff only ride", "content_type": 17, "codename": "change_staffonlyride"}}, {"model": "auth.permission", "pk": 67, "fields": {"name": "Can delete staff only ride", "content_type": 17, "codename": "delete_staffonlyride"}}, {"model": "auth.permission", "pk": 68, "fields": {"name": "Can view staff only ride", "content_type": 17, "codename": "view_staffonlyride"}}, {"model": "auth.permission", "pk": 69, "fields": {"name": "Can add staff profile", "content_type": 18, "codename": "add_staffprofile"}}, {"model": "auth.permission", "pk": 70, "fields": {"name": "Can change staff profile", "content_type": 18, "codename": "change_staffprofile"}}, {"model": "auth.permission", "pk": 71, "fields": {"name": "Can delete staff profile", "content_type": 18, "codename": "delete_staffprofile"}}, {"model": "auth.permission", "pk": 72, "fields": {"name": "Can view staff profile", "content_type": 18, "codename": "view_staffprofile"}}, {"model": "auth.user", "pk": 1, "fields": {"password": "pbkdf2_sha256$120000$5dWqixCUXegx$AKURJjKks+zt+yNvXWPp+pFSXtsBPZIZNrM3sS8nc6A=", "last_login": "2018-08-14T12:00:02.123Z", "is_superuser": true, "username": "anjovis", "first_name": "", "last_name": "", "email": "ff@ff.coml", "is_staff": true, "is_active": true, "date_joined": "2018-08-14T10:39:16.973Z", "groups": [], "user_permissions": []}}, {"model": "auth.user", "pk": 2, "fields": {"password": "pbkdf2_sha256$120000$An77SjwG4yDC$bWJVcdPtOtJMpWWYqfuwhgJgAejHPMmEquXnurBZl9g=", "last_login": "2018-08-14T10:42:49.046Z", "is_superuser": true, "username": "kyytimies", "first_name": "", "last_name": "", "email": "ff@ff.com", "is_staff": true, "is_active": true, "date_joined": "2018-08-14T10:42:29.438Z", "groups": [], "user_permissions": []}}, {"model": "auth.user", "pk": 3, "fields": {"password": "pbkdf2_sha256$120000$YXZOZivWQ0fV$S2w6tAoP4IXiF3NlaL+ZH0GPPYnJPIT4wI2VwNCDUIQ=", "last_login": "2018-08-17T15:54:30.907Z", "is_superuser": true, "username": "matkustaja", "first_name": "", "last_name": "", "email": "ff@ff.com", "is_staff": true, "is_active": true, "date_joined": "2018-08-14T13:14:36.627Z", "groups": [], "user_permissions": []}}, {"model": "apiv1.car", "pk": 1, "fields": {"owner": 1, "model": "ff", "register_plate": "222", "consumption": "2.00"}}, {"model": "apiv1.car", "pk": 2, "fields": {"owner": 1, "model": "33", "register_plate": "444", "consumption": "4.00"}}, {"model": "apiv1.car", "pk": 3, "fields": {"owner": 1, "model": "5", "register_plate": "66", "consumption": "7.00"}}, {"model": "apiv1.car", "pk": 4, "fields": {"owner": 3, "model": "2342", "register_plate": "ggg", "consumption": "33.00"}}, {"model": "apiv1.ride", "pk": 1, "fields": {"driver": 1, "car": 1, "destination": "Oulu", "departure": "Rovaniemi", "date": "2018-08-17", "available_seats": 3, "status": "", "estimated_fuel_cost": "33.00", "recurrent": "ONE_TIME"}}, {"model": "apiv1.ride", "pk": 2, "fields": {"driver": 1, "car": 1, "destination": "gg", "departure": "ff", "date": "2018-08-17", "available_seats": 3, "status": "", "estimated_fuel_cost": "99.00", "recurrent": "ONE_TIME"}}, {"model": "apiv1.ride", "pk": 3, "fields": {"driver": 3, "car": 4, "destination": "helsinki", "departure": "rovanimie", "date": "2018-08-17", "available_seats": 3, "status": "", "estimated_fuel_cost": "22.00", "recurrent": "ONE_TIME"}}, {"model": "apiv1.ride", "pk": 4, "fields": {"driver": 3, "car": 4, "destination": "h", "departure": "h", "date": "2018-08-17", "available_seats": 2, "status": "", "estimated_fuel_cost": "11.00", "recurrent": "ONE_TIME"}}, {"model": "apiv1.ride", "pk": 5, "fields": {"driver": 3, "car": 4, "destination": "rovaniemi", "departure": "helsinki", "date": "2018-08-17", "available_seats": 2, "status": "", "estimated_fuel_cost": "11.00", "recurrent": "ONE_TIME"}}, {"model": "apiv1.ride", "pk": 6, "fields": {"driver": 3, "car": 4, "destination": "oulu", "departure": "helsinki", "date": "2018-08-17", "available_seats": 4, "status": "", "estimated_fuel_cost": "11.00", "recurrent": "ONE_TIME"}}, {"model": "apiv1.ride", "pk": 7, "fields": {"driver": 3, "car": 4, "destination": "rovaniemi", "departure": "oulu", "date": "2018-08-17", "available_seats": 5, "status": "", "estimated_fuel_cost": "12.00", "recurrent": "ONE_TIME"}}, {"model": "apiv1.ride", "pk": 8, "fields": {"driver": 3, "car": 4, "destination": "turku", "departure": "rovaniemi", "date": "2018-08-17", "available_seats": 3, "status": "", "estimated_fuel_cost": "20.00", "recurrent": "ONE_TIME"}}, {"model": "apiv1.ride", "pk": 9, "fields": {"driver": 3, "car": 4, "destination": "turku", "departure": "rovaniemi", "date": "2018-08-17", "available_seats": 3, "status": "", "estimated_fuel_cost": "10.00", "recurrent": "ONE_TIME"}}, {"model": "apiv1.ride", "pk": 10, "fields": {"driver": 3, "car": 4, "destination": "turku", "departure": "rovaniemi", "date": "2018-08-17", "available_seats": 3, "status": "", "estimated_fuel_cost": "12.00", "recurrent": "ONE_TIME"}}, {"model": "apiv1.ride", "pk": 11, "fields": {"driver": 3, "car": 4, "destination": "turku", "departure": "rovaniemi", "date": "2018-08-17", "available_seats": 3, "status": "", "estimated_fuel_cost": "16.00", "recurrent": "ONE_TIME"}}, {"model": "apiv1.ride", "pk": 12, "fields": {"driver": 3, "car": 4, "destination": "turku", "departure": "rovaniemi", "date": "2018-08-17", "available_seats": 3, "status": "", "estimated_fuel_cost": "20.00", "recurrent": "ONE_TIME"}}, {"model": "apiv1.privateride", "pk": 1, "fields": {"ride": 1, "passengers": []}}, {"model": "apiv1.privateride", "pk": 2, "fields": {"ride": 2, "passengers": []}}, {"model": "apiv1.privateride", "pk": 3, "fields": {"ride": 3, "passengers": []}}, {"model": "apiv1.privateride", "pk": 4, "fields": {"ride": 4, "passengers": []}}, {"model": "apiv1.privateride", "pk": 5, "fields": {"ride": 5, "passengers": []}}, {"model": "apiv1.privateride", "pk": 6, "fields": {"ride": 6, "passengers": []}}, {"model": "apiv1.privateride", "pk": 7, "fields": {"ride": 7, "passengers": []}}, {"model": "apiv1.privateride", "pk": 8, "fields": {"ride": 8, "passengers": []}}, {"model": "apiv1.privateride", "pk": 9, "fields": {"ride": 9, "passengers": []}}, {"model": "apiv1.privateride", "pk": 10, "fields": {"ride": 10, "passengers": []}}, {"model": "apiv1.privateride", "pk": 11, "fields": {"ride": 11, "passengers": []}}, {"model": "apiv1.privateride", "pk": 12, "fields": {"ride": 12, "passengers": []}}, {"model": "apiv1.profile", "pk": 1, "fields": {"owner": 1, "first_name": "", "last_name": "", "phone_number": "", "photo": ""}}, {"model": "apiv1.profile", "pk": 2, "fields": {"owner": 2, "first_name": "", "last_name": "", "phone_number": "", "photo": ""}}, {"model": "apiv1.profile", "pk": 3, "fields": {"owner": 3, "first_name": "", "last_name": "", "phone_number": "", "photo": ""}}, {"model": "apiv1.privateprofile", "pk": 1, "fields": {"owner": 1, "phone_number": ""}}, {"model": "apiv1.privateprofile", "pk": 2, "fields": {"owner": 2, "phone_number": ""}}, {"model": "apiv1.privateprofile", "pk": 3, "fields": {"owner": 3, "phone_number": ""}}, {"model": "apiv1.staffprofile", "pk": 1, "fields": {"owner": 1, "reported_count": 0, "deleted": false, "is_active": true}}, {"model": "apiv1.staffprofile", "pk": 2, "fields": {"owner": 2, "reported_count": 0, "deleted": false, "is_active": true}}, {"model": "apiv1.staffprofile", "pk": 3, "fields": {"owner": 3, "reported_count": 0, "deleted": false, "is_active": true}}, {"model": "apiv1.request", "pk": 2, "fields": {"ride": 1, "requester": 2, "note": "fff", "status": "PENDING"}}]